2869, , 1239, S1
2869, , 1240, S1
2869, , 1241, S1
2869, , 1242, S1
2869, , 1243, S1
2869, , 1244, S1
2869, , 1245, S1
2869, , 1246, S1
2869, , 1247, S1
2869, , 1248, S1
2869, , 1249, S1
2869, , 1250, S1
2869, , 1251, S1
2869, , 1252, S1
2869, , 1253, S1
2869, , 1254, S1
2869, , 1255, S1
2869, , 1256, S1
2869, , 1257, S1
2869, , 1258, S1
2869, , 1259, S1
2869, , 1260, S1
2869, , 1261, S1
2869, , 1262, S1
2869, , 1263, S1
2869, , 1264, S1
2869, , 1265, S1
2869, , 1266, S1
2869, , 1267, S1
2869, , 1268, S1
2869, , 1269, S1
2869, , 1270, S1
2869, , 1271, S1
2869, , 1272, S1
2869, , 1273, S1
2869, , 1274, S1
2869, , 1275, S1
2869, , 1276, S1
2869, , 1277, S1
2869, , 1278, S1
2869, , 1279, S1
2869, , 1280, S1
2869, , 1281, S1
2869, , 1282, S1
2869, , 1283, S1
2869, , 1284, S1
2869, , 1285, S1
2869, , 1286, S1
2869, , 1287, S1
2869, , 1288, S1
2869, , 1289, S1
2869, , 1290, S1
2869, , 1291, S1
2869, , 1292, S1
2869, , 1293, S1
2869, , 1294, S1
2869, , 1295, S1
2869, , 1296, S1
2869, , 1297, S1
2869, , 1298, S1
2869, , 1299, S1
2869, , 1300, S1
2869, , 1301, S1
2869, , 1302, S1
2869, , 1303, S1
2869, , 1304, S1
2869, , 1305, S1
2869, , 1306, S1
2869, , 1307, S1
2869, , 1308, S1
2869, , 1309, S1
2869, , 1310, S1
2869, , 1311, S1
2869, , 1312, S1
2869, , 1313, S1
2869, , 1314, S1
2869, , 1315, S1
2869, , 1316, S1
2869, , 1317, S1
2869, , 1318, S1
2869, , 1319, S1
2869, , 1320, S1
2869, , 1321, S1
2869, , 1322, S1
2869, , 1323, S1
2869, , 1324, S1
2869, , 1325, S1
2869, , 1326, S1
2869, , 1327, S1
2869, , 1328, S1
2869, , 1329, S1
2869, , 1330, S1
